{
  "icons": {
    "gear": {
      "paths": [
        "M15.1,7.786 C13.8,7.486 13.2,5.986 13.9,4.786 C14.2,4.286 14.1,3.786 13.8,3.486 L13.5,3.186 C13.2,2.886 12.7,2.786 12.2,3.086 C11,3.786 9.6,3.186 9.2,1.886 C9.1,1.286 8.7,0.986 8.2,0.986 L7.8,0.986 C7.4,0.986 7,1.286 6.8,1.886 C6.5,3.186 5,3.786 3.8,3.086 C3.3,2.786 2.8,2.886 2.5,3.186 L2.2,3.486 C1.9,3.786 1.8,4.286 2.1,4.786 C2.8,5.986 2.2,7.386 0.9,7.786 C0.3,7.886 1.11022302e-16,8.286 1.11022302e-16,8.786 L1.11022302e-16,9.186 C1.11022302e-16,9.586 0.3,9.986 0.9,10.186 C2.2,10.486 2.8,11.986 2.1,13.186 C1.8,13.686 1.9,14.186 2.2,14.486 L2.5,14.786 C2.8,15.086 3.3,15.186 3.8,14.886 C5,14.186 6.4,14.786 6.8,16.086 C7,16.686 7.3,16.986 7.8,16.986 L8.2,16.986 C8.6,16.986 9,16.686 9.2,16.086 C9.5,14.786 11,14.186 12.2,14.886 C12.7,15.186 13.2,15.086 13.5,14.786 L13.8,14.486 C14.1,14.186 14.2,13.686 13.9,13.186 C13.2,11.986 13.8,10.586 15.1,10.186 C15.7,9.986 16,9.686 16,9.186 L16,8.786 C16,8.286 15.7,7.886 15.1,7.786 Z M8,11.986 C6.3,11.986 5,10.686 5,8.986 C5,7.286 6.3,5.986 8,5.986 C9.7,5.986 11,7.286 11,8.986 C11,10.686 9.7,11.986 8,11.986 Z"
      ],
      "width": 20,
      "height": 20
    }
  }
}